-0.10050378152592128,0.3604767715468771,-0.142857142857143,-0.10050378152592127,-0.8986354626491608,-0.8877667037766671,2.478478796128208,-0.17586311452816505,-0.4364357804719841,1.7554579610635006,-0.28474739872574933,-0.20412414523193181,-0.16012815380508708,-0.1758631145281647,-0.20412414523193181,-0.2526455763199555,-0.252645576319956,-0.2170723815877266,-0.25264557631995604,-0.34251778896020846,-0.17586311452816505,-0.17586311452816483,-0.2170723815877267,-0.17586311452816497,-0.160128153805087,3.9581140290126386,-0.2294157338705616,-0.16012815380508708,-0.20412414523193181,-0.16012815380508702,-0.16012815380508702,-0.1758631145281652,-0.17586311452816475,-0.1601281538050872,-0.16012815380508685,-0.16012815380508683,-0.20412414523193173,-0.16012815380508724,-0.1758631145281647,-0.16012815380508721,-0.160128153805087,-0.17586311452816497,-0.16012815380508708,-0.19044534662683044,-0.20412414523193181
-0.10050378152592128,0.3604767715468771,-0.142857142857143,-0.10050378152592127,-0.2987148041232401,0.17419616780645747,-0.4034732923929642,-0.17586311452816505,2.2912878474779164,-0.5696519211398114,-0.28474739872574933,-0.20412414523193181,-0.16012815380508708,-0.1758631145281647,-0.20412414523193181,-0.2526455763199555,-0.252645576319956,4.606758320361753,-0.25264557631995604,-0.34251778896020846,-0.17586311452816505,-0.17586311452816483,-0.2170723815877267,-0.17586311452816497,-0.160128153805087,-0.25264557631995566,-0.2294157338705616,-0.16012815380508708,-0.20412414523193181,-0.16012815380508702,-0.16012815380508702,-0.1758631145281652,-0.17586311452816475,-0.1601281538050872,-0.16012815380508685,-0.16012815380508683,-0.20412414523193173,-0.16012815380508724,-0.1758631145281647,-0.16012815380508721,-0.160128153805087,-0.17586311452816497,-0.16012815380508708,-0.19044534662683044,-0.20412414523193181
9.949874371066207,-2.77410385059988,-0.142857142857143,-0.10050378152592127,-0.40106637876272144,1.20190217256432,-0.4034732923929642,-0.17586311452816505,-0.4364357804719841,-0.5696519211398114,-0.28474739872574933,-0.20412414523193181,-0.16012815380508708,-0.1758631145281647,-0.20412414523193181,-0.2526455763199555,-0.252645576319956,-0.2170723815877266,-0.25264557631995604,-0.34251778896020846,5.686240703077337,-0.17586311452816483,-0.2170723815877267,-0.17586311452816497,-0.160128153805087,-0.25264557631995566,-0.2294157338705616,-0.16012815380508708,-0.20412414523193181,-0.16012815380508702,-0.16012815380508702,-0.1758631145281652,-0.17586311452816475,-0.1601281538050872,-0.16012815380508685,-0.16012815380508683,-0.20412414523193173,-0.16012815380508724,-0.1758631145281647,-0.16012815380508721,-0.160128153805087,-0.17586311452816497,-0.16012815380508708,-0.19044534662683044,-0.20412414523193181
-0.10050378152592128,0.3604767715468771,-0.142857142857143,-0.10050378152592127,-0.09712910957995209,0.2769667682822437,-0.4034732923929642,-0.17586311452816505,-0.4364357804719841,-0.5696519211398114,-0.28474739872574933,-0.20412414523193181,-0.16012815380508708,-0.1758631145281647,-0.20412414523193181,3.958114029012636,-0.252645576319956,-0.2170723815877266,-0.25264557631995604,-0.34251778896020846,-0.17586311452816505,-0.17586311452816483,-0.2170723815877267,-0.17586311452816497,-0.160128153805087,-0.25264557631995566,-0.2294157338705616,-0.16012815380508708,-0.20412414523193181,-0.16012815380508702,-0.16012815380508702,-0.1758631145281652,-0.17586311452816475,-0.1601281538050872,-0.16012815380508685,-0.16012815380508683,-0.20412414523193173,-0.16012815380508724,-0.1758631145281647,-0.16012815380508721,-0.160128153805087,-0.17586311452816497,-0.16012815380508708,-0.19044534662683044,-0.20412414523193181
-0.10050378152592128,0.3604767715468771,-0.142857142857143,-0.10050378152592127,-0.11565902744807326,0.34548050193276786,2.478478796128208,-0.17586311452816505,-0.4364357804719841,-0.5696519211398114,-0.28474739872574933,-0.20412414523193181,-0.16012815380508708,-0.1758631145281647,-0.20412414523193181,-0.2526455763199555,3.958114029012644,-0.2170723815877266,-0.25264557631995604,-0.34251778896020846,-0.17586311452816505,-0.17586311452816483,-0.2170723815877267,-0.17586311452816497,-0.160128153805087,-0.25264557631995566,-0.2294157338705616,-0.16012815380508708,-0.20412414523193181,-0.16012815380508702,-0.16012815380508702,-0.1758631145281652,-0.17586311452816475,-0.1601281538050872,-0.16012815380508685,-0.16012815380508683,-0.20412414523193173,-0.16012815380508724,-0.1758631145281647,-0.16012815380508721,-0.160128153805087,-0.17586311452816497,-0.16012815380508708,-0.19044534662683044,-0.20412414523193181
-0.10050378152592128,0.3604767715468771,-0.142857142857143,-0.10050378152592127,1.672361506461681,-0.33965683457247375,-0.4034732923929642,-0.17586311452816505,-0.4364357804719841,-0.5696519211398114,-0.28474739872574933,-0.20412414523193181,-0.16012815380508708,-0.1758631145281647,-0.20412414523193181,-0.2526455763199555,3.958114029012644,-0.2170723815877266,-0.25264557631995604,-0.34251778896020846,-0.17586311452816505,-0.17586311452816483,-0.2170723815877267,-0.17586311452816497,-0.160128153805087,-0.25264557631995566,-0.2294157338705616,-0.16012815380508708,-0.20412414523193181,-0.16012815380508702,-0.16012815380508702,-0.1758631145281652,-0.17586311452816475,-0.1601281538050872,-0.16012815380508685,-0.16012815380508683,-0.20412414523193173,-0.16012815380508724,-0.1758631145281647,-0.16012815380508721,-0.160128153805087,-0.17586311452816497,-0.16012815380508708,-0.19044534662683044,-0.20412414523193181
-0.10050378152592128,0.3604767715468771,-0.142857142857143,-0.10050378152592127,0.7847609595240784,0.37973736875802994,-0.4034732923929642,-0.17586311452816505,-0.4364357804719841,1.7554579610635006,-0.28474739872574933,-0.20412414523193181,-0.16012815380508708,-0.1758631145281647,-0.20412414523193181,-0.2526455763199555,-0.252645576319956,-0.2170723815877266,-0.25264557631995604,-0.34251778896020846,-0.17586311452816505,-0.17586311452816483,-0.2170723815877267,-0.17586311452816497,-0.160128153805087,-0.25264557631995566,-0.2294157338705616,-0.16012815380508708,-0.20412414523193181,-0.16012815380508702,-0.16012815380508702,-0.1758631145281652,-0.17586311452816475,-0.1601281538050872,-0.16012815380508685,-0.16012815380508683,-0.20412414523193173,-0.16012815380508724,-0.1758631145281647,-0.16012815380508721,-0.160128153805087,-0.17586311452816497,-0.16012815380508708,-0.19044534662683044,-0.20412414523193181
-0.10050378152592128,0.3604767715468771,-0.142857142857143,-0.10050378152592127,-0.7921758401804262,0.20845303463171955,-0.4034732923929642,-0.17586311452816505,-0.4364357804719841,-0.5696519211398114,-0.28474739872574933,-0.20412414523193181,-0.16012815380508708,-0.1758631145281647,-0.20412414523193181,-0.2526455763199555,-0.252645576319956,-0.2170723815877266,3.9581140290126444,-0.34251778896020846,-0.17586311452816505,-0.17586311452816483,-0.2170723815877267,-0.17586311452816497,-0.160128153805087,-0.25264557631995566,-0.2294157338705616,-0.16012815380508708,-0.20412414523193181,-0.16012815380508702,-0.16012815380508702,-0.1758631145281652,-0.17586311452816475,-0.1601281538050872,-0.16012815380508685,-0.16012815380508683,-0.20412414523193173,-0.16012815380508724,-0.1758631145281647,-0.16012815380508721,-0.160128153805087,-0.17586311452816497,-0.16012815380508708,-0.19044534662683044,-0.20412414523193181
-0.10050378152592128,0.3604767715468771,-0.142857142857143,-0.10050378152592127,0.7625308851005306,0.0029118336801470628,-0.4034732923929642,-0.17586311452816505,-0.4364357804719841,1.7554579610635006,-0.28474739872574933,-0.20412414523193181,-0.16012815380508708,-0.1758631145281647,-0.20412414523193181,-0.2526455763199555,-0.252645576319956,-0.2170723815877266,-0.25264557631995604,2.919556391613206,-0.17586311452816505,5.686240703077329,-0.2170723815877267,-0.17586311452816497,-0.160128153805087,-0.25264557631995566,-0.2294157338705616,-0.16012815380508708,-0.20412414523193181,-0.16012815380508702,-0.16012815380508702,-0.1758631145281652,-0.17586311452816475,-0.1601281538050872,-0.16012815380508685,-0.16012815380508683,-0.20412414523193173,-0.16012815380508724,-0.1758631145281647,-0.16012815380508721,-0.160128153805087,-0.17586311452816497,-0.16012815380508708,-0.19044534662683044,-0.20412414523193181
-0.10050378152592128,0.3604767715468771,-0.142857142857143,-0.10050378152592127,-0.3048623083216264,-0.09985876679563918,-0.4034732923929642,5.686240703077337,-0.4364357804719841,1.7554579610635006,-0.28474739872574933,-0.20412414523193181,-0.16012815380508708,-0.1758631145281647,-0.20412414523193181,-0.2526455763199555,3.958114029012644,-0.2170723815877266,-0.25264557631995604,-0.34251778896020846,-0.17586311452816505,-0.17586311452816483,-0.2170723815877267,-0.17586311452816497,-0.160128153805087,-0.25264557631995566,-0.2294157338705616,-0.16012815380508708,-0.20412414523193181,-0.16012815380508702,-0.16012815380508702,-0.1758631145281652,-0.17586311452816475,-0.1601281538050872,-0.16012815380508685,-0.16012815380508683,-0.20412414523193173,-0.16012815380508724,-0.1758631145281647,-0.16012815380508721,-0.160128153805087,-0.17586311452816497,-0.16012815380508708,-0.19044534662683044,-0.20412414523193181
-0.10050378152592128,0.3604767715468771,-0.142857142857143,-0.10050378152592127,-0.44284609923895724,-0.23688623409668752,-0.4034732923929642,-0.17586311452816505,-0.4364357804719841,-0.5696519211398114,-0.28474739872574933,-0.20412414523193181,-0.16012815380508708,-0.1758631145281647,-0.20412414523193181,-0.2526455763199555,-0.252645576319956,-0.2170723815877266,-0.25264557631995604,-0.34251778896020846,-0.17586311452816505,-0.17586311452816483,-0.2170723815877267,-0.17586311452816497,-0.160128153805087,-0.25264557631995566,-0.2294157338705616,-0.16012815380508708,-0.20412414523193181,-0.16012815380508702,-0.16012815380508702,-0.1758631145281652,-0.17586311452816475,-0.1601281538050872,6.244997998398387,-0.16012815380508683,-0.20412414523193173,-0.16012815380508724,-0.1758631145281647,-0.16012815380508721,-0.160128153805087,-0.17586311452816497,-0.16012815380508708,-0.19044534662683044,-0.20412414523193181
-0.10050378152592128,0.3604767715468771,-0.142857142857143,-0.10050378152592127,-0.44724549797808666,-0.2711431009219496,-0.4034732923929642,-0.17586311452816505,-0.4364357804719841,-0.5696519211398114,-0.28474739872574933,-0.20412414523193181,-0.16012815380508708,-0.1758631145281647,-0.20412414523193181,-0.2526455763199555,-0.252645576319956,4.606758320361753,-0.25264557631995604,-0.34251778896020846,-0.17586311452816505,-0.17586311452816483,-0.2170723815877267,-0.17586311452816497,-0.160128153805087,-0.25264557631995566,-0.2294157338705616,-0.16012815380508708,-0.20412414523193181,-0.16012815380508702,-0.16012815380508702,-0.1758631145281652,-0.17586311452816475,-0.1601281538050872,-0.16012815380508685,-0.16012815380508683,-0.20412414523193173,-0.16012815380508724,-0.1758631145281647,-0.16012815380508721,-0.160128153805087,-0.17586311452816497,-0.16012815380508708,-0.19044534662683044,-0.20412414523193181
-0.10050378152592128,-2.77410385059988,-0.142857142857143,-0.10050378152592127,-0.6491225434312508,0.9278472379622232,-0.4034732923929642,-0.17586311452816505,-0.4364357804719841,1.7554579610635006,-0.28474739872574933,-0.20412414523193181,-0.16012815380508708,-0.1758631145281647,-0.20412414523193181,-0.2526455763199555,-0.252645576319956,-0.2170723815877266,-0.25264557631995604,-0.34251778896020846,-0.17586311452816505,-0.17586311452816483,-0.2170723815877267,-0.17586311452816497,-0.160128153805087,-0.25264557631995566,-0.2294157338705616,-0.16012815380508708,-0.20412414523193181,-0.16012815380508702,-0.16012815380508702,-0.1758631145281652,-0.17586311452816475,-0.1601281538050872,-0.16012815380508685,-0.16012815380508683,-0.20412414523193173,-0.16012815380508724,-0.1758631145281647,-0.16012815380508721,-0.160128153805087,-0.17586311452816497,-0.16012815380508708,-0.19044534662683044,-0.20412414523193181
-0.10050378152592128,0.3604767715468771,-0.142857142857143,-0.10050378152592127,-0.8031889045737436,-1.1618216383787636,-0.4034732923929642,-0.17586311452816505,-0.4364357804719841,-0.5696519211398114,-0.28474739872574933,-0.20412414523193181,-0.16012815380508708,-0.1758631145281647,-0.20412414523193181,-0.2526455763199555,-0.252645576319956,-0.2170723815877266,-0.25264557631995604,-0.34251778896020846,-0.17586311452816505,-0.17586311452816483,-0.2170723815877267,-0.17586311452816497,-0.160128153805087,-0.25264557631995566,-0.2294157338705616,-0.16012815380508708,-0.20412414523193181,-0.16012815380508702,-0.16012815380508702,-0.1758631145281652,-0.17586311452816475,-0.1601281538050872,-0.16012815380508685,-0.16012815380508683,-0.20412414523193173,-0.16012815380508724,-0.1758631145281647,-0.16012815380508721,-0.160128153805087,-0.17586311452816497,-0.16012815380508708,-0.19044534662683044,-0.20412414523193181
-0.10050378152592128,0.3604767715468771,-0.142857142857143,-0.10050378152592127,2.62137882520117,0.8593335043116991,2.478478796128208,-0.17586311452816505,-0.4364357804719841,1.7554579610635006,-0.28474739872574933,-0.20412414523193181,-0.16012815380508708,-0.1758631145281647,-0.20412414523193181,-0.2526455763199555,-0.252645576319956,-0.2170723815877266,-0.25264557631995604,-0.34251778896020846,-0.17586311452816505,-0.17586311452816483,-0.2170723815877267,-0.17586311452816497,-0.160128153805087,-0.25264557631995566,-0.2294157338705616,-0.16012815380508708,-0.20412414523193181,-0.16012815380508702,-0.16012815380508702,-0.1758631145281652,-0.17586311452816475,-0.1601281538050872,-0.16012815380508685,-0.16012815380508683,-0.20412414523193173,-0.16012815380508724,-0.1758631145281647,-0.16012815380508721,-0.160128153805087,-0.17586311452816497,-0.16012815380508708,-0.19044534662683044,-0.20412414523193181
-0.10050378152592128,0.3604767715468771,-0.142857142857143,-0.10050378152592127,0.16459141276176747,0.6880491701853887,-0.4034732923929642,-0.17586311452816505,-0.4364357804719841,-0.5696519211398114,-0.28474739872574933,-0.20412414523193181,-0.16012815380508708,-0.1758631145281647,-0.20412414523193181,-0.2526455763199555,-0.252645576319956,-0.2170723815877266,-0.25264557631995604,-0.34251778896020846,-0.17586311452816505,-0.17586311452816483,-0.2170723815877267,-0.17586311452816497,-0.160128153805087,-0.25264557631995566,-0.2294157338705616,-0.16012815380508708,-0.20412414523193181,-0.16012815380508702,-0.16012815380508702,-0.1758631145281652,-0.17586311452816475,-0.1601281538050872,-0.16012815380508685,-0.16012815380508683,-0.20412414523193173,-0.16012815380508724,-0.1758631145281647,-0.16012815380508721,-0.160128153805087,-0.17586311452816497,-0.16012815380508708,-0.19044534662683044,-0.20412414523193181
-0.10050378152592128,0.3604767715468771,-0.142857142857143,-0.10050378152592127,0.4899429738204316,1.9212963758948236,-0.4034732923929642,-0.17586311452816505,-0.4364357804719841,-0.5696519211398114,-0.28474739872574933,-0.20412414523193181,-0.16012815380508708,5.686240703077325,4.898979485566364,-0.2526455763199555,-0.252645576319956,-0.2170723815877266,-0.25264557631995604,-0.34251778896020846,-0.17586311452816505,-0.17586311452816483,-0.2170723815877267,5.686240703077335,-0.160128153805087,-0.25264557631995566,-0.2294157338705616,-0.16012815380508708,-0.20412414523193181,-0.16012815380508702,-0.16012815380508702,-0.1758631145281652,-0.17586311452816475,-0.1601281538050872,-0.16012815380508685,6.244997998398386,4.898979485566361,-0.16012815380508724,-0.1758631145281647,-0.16012815380508721,-0.160128153805087,-0.17586311452816497,-0.16012815380508708,-0.19044534662683044,4.898979485566364
-0.10050378152592128,0.3604767715468771,-0.142857142857143,-0.10050378152592127,-0.6621459291027135,1.9898101095453478,2.478478796128208,-0.17586311452816505,-0.4364357804719841,-0.5696519211398114,3.511884584284242,-0.20412414523193181,-0.16012815380508708,-0.1758631145281647,-0.20412414523193181,-0.2526455763199555,-0.252645576319956,-0.2170723815877266,-0.25264557631995604,-0.34251778896020846,-0.17586311452816505,-0.17586311452816483,-0.2170723815877267,-0.17586311452816497,-0.160128153805087,-0.25264557631995566,-0.2294157338705616,-0.16012815380508708,-0.20412414523193181,-0.16012815380508702,-0.16012815380508702,-0.1758631145281652,-0.17586311452816475,-0.1601281538050872,-0.16012815380508685,-0.16012815380508683,-0.20412414523193173,-0.16012815380508724,-0.1758631145281647,-0.16012815380508721,-0.160128153805087,-0.17586311452816497,-0.16012815380508708,-0.19044534662683044,-0.20412414523193181
-0.10050378152592128,0.3604767715468771,-0.142857142857143,-0.10050378152592127,-0.42422877609787313,-0.09985876679563918,-0.4034732923929642,-0.17586311452816505,-0.4364357804719841,-0.5696519211398114,3.511884584284242,-0.20412414523193181,-0.16012815380508708,-0.1758631145281647,-0.20412414523193181,3.958114029012636,-0.252645576319956,-0.2170723815877266,-0.25264557631995604,-0.34251778896020846,-0.17586311452816505,-0.17586311452816483,-0.2170723815877267,-0.17586311452816497,-0.160128153805087,-0.25264557631995566,-0.2294157338705616,-0.16012815380508708,-0.20412414523193181,-0.16012815380508702,-0.16012815380508702,-0.1758631145281652,-0.17586311452816475,-0.1601281538050872,-0.16012815380508685,-0.16012815380508683,-0.20412414523193173,-0.16012815380508724,-0.1758631145281647,-0.16012815380508721,-0.160128153805087,-0.17586311452816497,-0.16012815380508708,-0.19044534662683044,-0.20412414523193181
-0.10050378152592128,0.3604767715468771,-0.142857142857143,-0.10050378152592127,1.16261395454242,-1.4701334398061225,-0.4034732923929642,-0.17586311452816505,-0.4364357804719841,-0.5696519211398114,-0.28474739872574933,-0.20412414523193181,-0.16012815380508708,-0.1758631145281647,-0.20412414523193181,-0.2526455763199555,-0.252645576319956,-0.2170723815877266,-0.25264557631995604,-0.34251778896020846,-0.17586311452816505,-0.17586311452816483,-0.2170723815877267,-0.17586311452816497,-0.160128153805087,-0.25264557631995566,-0.2294157338705616,-0.16012815380508708,-0.20412414523193181,-0.16012815380508702,-0.16012815380508702,-0.1758631145281652,-0.17586311452816475,-0.1601281538050872,-0.16012815380508685,-0.16012815380508683,-0.20412414523193173,-0.16012815380508724,-0.1758631145281647,-0.16012815380508721,-0.160128153805087,-0.17586311452816497,-0.16012815380508708,-0.19044534662683044,-0.20412414523193181
-0.10050378152592128,0.3604767715468771,-0.142857142857143,-0.10050378152592127,0.25167619972373995,-0.16837250044616334,2.478478796128208,-0.17586311452816505,-0.4364357804719841,-0.5696519211398114,-0.28474739872574933,-0.20412414523193181,-0.16012815380508708,-0.1758631145281647,-0.20412414523193181,-0.2526455763199555,-0.252645576319956,-0.2170723815877266,-0.25264557631995604,-0.34251778896020846,-0.17586311452816505,-0.17586311452816483,-0.2170723815877267,-0.17586311452816497,-0.160128153805087,-0.25264557631995566,-0.2294157338705616,-0.16012815380508708,-0.20412414523193181,-0.16012815380508702,-0.16012815380508702,-0.1758631145281652,-0.17586311452816475,-0.1601281538050872,-0.16012815380508685,-0.16012815380508683,-0.20412414523193173,-0.16012815380508724,-0.1758631145281647,-0.16012815380508721,-0.160128153805087,-0.17586311452816497,-0.16012815380508708,-0.19044534662683044,-0.20412414523193181
-0.10050378152592128,0.3604767715468771,-0.142857142857143,-0.10050378152592127,-0.9541960811625372,-1.641417773932433,-0.4034732923929642,-0.17586311452816505,2.2912878474779164,-0.5696519211398114,-0.28474739872574933,-0.20412414523193181,-0.16012815380508708,-0.1758631145281647,-0.20412414523193181,-0.2526455763199555,-0.252645576319956,-0.2170723815877266,-0.25264557631995604,-0.34251778896020846,-0.17586311452816505,-0.17586311452816483,-0.2170723815877267,-0.17586311452816497,6.244997998398392,-0.25264557631995566,-0.2294157338705616,-0.16012815380508708,-0.20412414523193181,-0.16012815380508702,-0.16012815380508702,-0.1758631145281652,-0.17586311452816475,-0.1601281538050872,-0.16012815380508685,-0.16012815380508683,-0.20412414523193173,-0.16012815380508724,-0.1758631145281647,-0.16012815380508721,-0.160128153805087,-0.17586311452816497,-0.16012815380508708,-0.19044534662683044,-0.20412414523193181
-0.10050378152592128,0.3604767715468771,-0.142857142857143,-0.10050378152592127,-0.504903843042571,-0.0656018999703771,-0.4034732923929642,-0.17586311452816505,-0.4364357804719841,-0.5696519211398114,-0.28474739872574933,-0.20412414523193181,-0.16012815380508708,-0.1758631145281647,-0.20412414523193181,-0.2526455763199555,-0.252645576319956,-0.2170723815877266,-0.25264557631995604,-0.34251778896020846,-0.17586311452816505,-0.17586311452816483,-0.2170723815877267,-0.17586311452816497,-0.160128153805087,-0.25264557631995566,-0.2294157338705616,-0.16012815380508708,-0.20412414523193181,6.244997998398394,-0.16012815380508702,-0.1758631145281652,-0.17586311452816475,-0.1601281538050872,-0.16012815380508685,-0.16012815380508683,-0.20412414523193173,-0.16012815380508724,-0.1758631145281647,-0.16012815380508721,-0.160128153805087,-0.17586311452816497,-0.16012815380508708,-0.19044534662683044,-0.20412414523193181
-0.10050378152592128,0.3604767715468771,-0.142857142857143,-0.10050378152592127,-0.7147639034263409,-0.5451980355240462,-0.4034732923929642,-0.17586311452816505,2.2912878474779164,-0.5696519211398114,-0.28474739872574933,4.898979485566364,-0.16012815380508708,-0.1758631145281647,-0.20412414523193181,-0.2526455763199555,-0.252645576319956,-0.2170723815877266,-0.25264557631995604,-0.34251778896020846,-0.17586311452816505,-0.17586311452816483,-0.2170723815877267,-0.17586311452816497,-0.160128153805087,-0.25264557631995566,-0.2294157338705616,-0.16012815380508708,-0.20412414523193181,-0.16012815380508702,-0.16012815380508702,-0.1758631145281652,-0.17586311452816475,-0.1601281538050872,-0.16012815380508685,-0.16012815380508683,-0.20412414523193173,-0.16012815380508724,-0.1758631145281647,-0.16012815380508721,-0.160128153805087,-0.17586311452816497,-0.16012815380508708,-0.19044534662683044,-0.20412414523193181
-0.10050378152592128,0.3604767715468771,-0.142857142857143,-0.10050378152592127,2.574238247983214,0.5510217028843404,-0.4034732923929642,-0.17586311452816505,2.2912878474779164,-0.5696519211398114,-0.28474739872574933,-0.20412414523193181,-0.16012815380508708,-0.1758631145281647,-0.20412414523193181,-0.2526455763199555,-0.252645576319956,-0.2170723815877266,-0.25264557631995604,-0.34251778896020846,-0.17586311452816505,-0.17586311452816483,-0.2170723815877267,-0.17586311452816497,-0.160128153805087,-0.25264557631995566,-0.2294157338705616,-0.16012815380508708,-0.20412414523193181,-0.16012815380508702,-0.16012815380508702,-0.1758631145281652,-0.17586311452816475,-0.1601281538050872,6.244997998398387,-0.16012815380508683,-0.20412414523193173,-0.16012815380508724,-0.1758631145281647,-0.16012815380508721,-0.160128153805087,-0.17586311452816497,-0.16012815380508708,-0.19044534662683044,-0.20412414523193181
-0.10050378152592128,0.3604767715468771,-0.142857142857143,-0.10050378152592127,-0.9296934696419553,1.5102139739916787,-0.4034732923929642,-0.17586311452816505,-0.4364357804719841,-0.5696519211398114,-0.28474739872574933,-0.20412414523193181,-0.16012815380508708,-0.1758631145281647,-0.20412414523193181,-0.2526455763199555,-0.252645576319956,-0.2170723815877266,-0.25264557631995604,-0.34251778896020846,-0.17586311452816505,-0.17586311452816483,-0.2170723815877267,-0.17586311452816497,-0.160128153805087,-0.25264557631995566,-0.2294157338705616,-0.16012815380508708,-0.20412414523193181,-0.16012815380508702,-0.16012815380508702,-0.1758631145281652,-0.17586311452816475,-0.1601281538050872,-0.16012815380508685,-0.16012815380508683,-0.20412414523193173,-0.16012815380508724,-0.1758631145281647,-0.16012815380508721,-0.160128153805087,-0.17586311452816497,-0.16012815380508708,-0.19044534662683044,-0.20412414523193181
-0.10050378152592128,0.3604767715468771,-0.142857142857143,-0.10050378152592127,-0.2259644819271727,1.7842689085937753,-0.4034732923929642,-0.17586311452816505,-0.4364357804719841,-0.5696519211398114,-0.28474739872574933,-0.20412414523193181,-0.16012815380508708,-0.1758631145281647,-0.20412414523193181,-0.2526455763199555,-0.252645576319956,-0.2170723815877266,-0.25264557631995604,2.919556391613206,-0.17586311452816505,-0.17586311452816483,-0.2170723815877267,-0.17586311452816497,-0.160128153805087,-0.25264557631995566,-0.2294157338705616,-0.16012815380508708,-0.20412414523193181,-0.16012815380508702,-0.16012815380508702,-0.1758631145281652,-0.17586311452816475,-0.1601281538050872,-0.16012815380508685,-0.16012815380508683,-0.20412414523193173,-0.16012815380508724,-0.1758631145281647,-0.16012815380508721,-0.160128153805087,-0.17586311452816497,-0.16012815380508708,-0.19044534662683044,4.898979485566364
-0.10050378152592128,0.3604767715468771,-0.142857142857143,-0.10050378152592127,-0.3148265094393897,-0.33965683457247375,-0.4034732923929642,-0.17586311452816505,-0.4364357804719841,-0.5696519211398114,-0.28474739872574933,-0.20412414523193181,-0.16012815380508708,-0.1758631145281647,-0.20412414523193181,-0.2526455763199555,-0.252645576319956,-0.2170723815877266,-0.25264557631995604,-0.34251778896020846,-0.17586311452816505,-0.17586311452816483,-0.2170723815877267,-0.17586311452816497,-0.160128153805087,-0.25264557631995566,-0.2294157338705616,-0.16012815380508708,-0.20412414523193181,-0.16012815380508702,-0.16012815380508702,-0.1758631145281652,-0.17586311452816475,-0.1601281538050872,-0.16012815380508685,6.244997998398386,-0.20412414523193173,-0.16012815380508724,-0.1758631145281647,-0.16012815380508721,-0.160128153805087,-0.17586311452816497,-0.16012815380508708,-0.19044534662683044,-0.20412414523193181
-0.10050378152592128,0.3604767715468771,-0.142857142857143,-0.10050378152592127,-0.09147690192835527,-0.853509836951405,2.478478796128208,-0.17586311452816505,-0.4364357804719841,-0.5696519211398114,-0.28474739872574933,-0.20412414523193181,-0.16012815380508708,-0.1758631145281647,-0.20412414523193181,-0.2526455763199555,-0.252645576319956,-0.2170723815877266,-0.25264557631995604,-0.34251778896020846,-0.17586311452816505,-0.17586311452816483,4.606758320361756,5.686240703077335,6.244997998398392,3.9581140290126386,-0.2294157338705616,-0.16012815380508708,-0.20412414523193181,-0.16012815380508702,-0.16012815380508702,-0.1758631145281652,-0.17586311452816475,-0.1601281538050872,-0.16012815380508685,-0.16012815380508683,-0.20412414523193173,-0.16012815380508724,-0.1758631145281647,-0.16012815380508721,-0.160128153805087,-0.17586311452816497,-0.16012815380508708,-0.19044534662683044,-0.20412414523193181
-0.10050378152592128,0.3604767715468771,-0.142857142857143,-0.10050378152592127,-0.6675359209354217,1.167645305739058,-0.4034732923929642,-0.17586311452816505,-0.4364357804719841,-0.5696519211398114,3.511884584284242,-0.20412414523193181,-0.16012815380508708,-0.1758631145281647,-0.20412414523193181,-0.2526455763199555,-0.252645576319956,-0.2170723815877266,-0.25264557631995604,-0.34251778896020846,-0.17586311452816505,-0.17586311452816483,-0.2170723815877267,-0.17586311452816497,-0.160128153805087,-0.25264557631995566,-0.2294157338705616,-0.16012815380508708,-0.20412414523193181,-0.16012815380508702,-0.16012815380508702,-0.1758631145281652,-0.17586311452816475,-0.1601281538050872,-0.16012815380508685,-0.16012815380508683,-0.20412414523193173,-0.16012815380508724,-0.1758631145281647,-0.16012815380508721,-0.160128153805087,-0.17586311452816497,-0.16012815380508708,-0.19044534662683044,-0.20412414523193181
-0.10050378152592128,0.3604767715468771,-0.142857142857143,-0.10050378152592127,-0.4841887933503788,0.10568243415593331,-0.4034732923929642,-0.17586311452816505,-0.4364357804719841,1.7554579610635006,-0.28474739872574933,-0.20412414523193181,-0.16012815380508708,-0.1758631145281647,-0.20412414523193181,-0.2526455763199555,-0.252645576319956,-0.2170723815877266,-0.25264557631995604,-0.34251778896020846,-0.17586311452816505,-0.17586311452816483,-0.2170723815877267,-0.17586311452816497,-0.160128153805087,-0.25264557631995566,-0.2294157338705616,-0.16012815380508708,-0.20412414523193181,-0.16012815380508702,-0.16012815380508702,-0.1758631145281652,-0.17586311452816475,-0.1601281538050872,-0.16012815380508685,-0.16012815380508683,-0.20412414523193173,-0.16012815380508724,-0.1758631145281647,-0.16012815380508721,-0.160128153805087,-0.17586311452816497,-0.16012815380508708,-0.19044534662683044,-0.20412414523193181
-0.10050378152592128,0.3604767715468771,-0.142857142857143,-0.10050378152592127,1.6272895207038451,1.7842689085937753,-0.4034732923929642,-0.17586311452816505,2.2912878474779164,-0.5696519211398114,-0.28474739872574933,-0.20412414523193181,-0.16012815380508708,-0.1758631145281647,-0.20412414523193181,-0.2526455763199555,-0.252645576319956,-0.2170723815877266,-0.25264557631995604,-0.34251778896020846,-0.17586311452816505,-0.17586311452816483,-0.2170723815877267,-0.17586311452816497,-0.160128153805087,-0.25264557631995566,-0.2294157338705616,-0.16012815380508708,-0.20412414523193181,-0.16012815380508702,-0.16012815380508702,-0.1758631145281652,-0.17586311452816475,-0.1601281538050872,-0.16012815380508685,-0.16012815380508683,-0.20412414523193173,-0.16012815380508724,-0.1758631145281647,6.244997998398401,6.244997998398392,-0.17586311452816497,-0.16012815380508708,-0.19044534662683044,-0.20412414523193181
-0.10050378152592128,0.3604767715468771,-0.142857142857143,-0.10050378152592127,1.8180078263087538,-1.2988491056798122,-0.4034732923929642,-0.17586311452816505,-0.4364357804719841,-0.5696519211398114,-0.28474739872574933,-0.20412414523193181,-0.16012815380508708,-0.1758631145281647,-0.20412414523193181,-0.2526455763199555,-0.252645576319956,-0.2170723815877266,-0.25264557631995604,2.919556391613206,-0.17586311452816505,-0.17586311452816483,-0.2170723815877267,-0.17586311452816497,-0.160128153805087,-0.25264557631995566,-0.2294157338705616,-0.16012815380508708,-0.20412414523193181,-0.16012815380508702,-0.16012815380508702,-0.1758631145281652,-0.17586311452816475,-0.1601281538050872,-0.16012815380508685,-0.16012815380508683,-0.20412414523193173,-0.16012815380508724,-0.1758631145281647,-0.16012815380508721,-0.160128153805087,-0.17586311452816497,-0.16012815380508708,-0.19044534662683044,-0.20412414523193181
-0.10050378152592128,0.3604767715468771,-0.142857142857143,-0.10050378152592127,1.218990355603449,0.3112236351075058,2.478478796128208,-0.17586311452816505,-0.4364357804719841,-0.5696519211398114,-0.28474739872574933,-0.20412414523193181,6.244997998398396,-0.1758631145281647,-0.20412414523193181,-0.2526455763199555,3.958114029012644,-0.2170723815877266,-0.25264557631995604,-0.34251778896020846,-0.17586311452816505,-0.17586311452816483,-0.2170723815877267,-0.17586311452816497,-0.160128153805087,-0.25264557631995566,-0.2294157338705616,-0.16012815380508708,-0.20412414523193181,-0.16012815380508702,6.244997998398394,-0.1758631145281652,5.686240703077327,6.2449979983984,-0.16012815380508685,-0.16012815380508683,-0.20412414523193173,-0.16012815380508724,5.686240703077325,-0.16012815380508721,-0.160128153805087,-0.17586311452816497,-0.16012815380508708,-0.19044534662683044,-0.20412414523193181
-0.10050378152592128,0.3604767715468771,-0.142857142857143,-0.10050378152592127,0.005746896697306186,-0.44242743504826,-0.4034732923929642,-0.17586311452816505,-0.4364357804719841,-0.5696519211398114,-0.28474739872574933,-0.20412414523193181,-0.16012815380508708,-0.1758631145281647,-0.20412414523193181,-0.2526455763199555,-0.252645576319956,-0.2170723815877266,-0.25264557631995604,-0.34251778896020846,-0.17586311452816505,-0.17586311452816483,-0.2170723815877267,-0.17586311452816497,-0.160128153805087,-0.25264557631995566,-0.2294157338705616,-0.16012815380508708,-0.20412414523193181,-0.16012815380508702,-0.16012815380508702,-0.1758631145281652,-0.17586311452816475,-0.1601281538050872,-0.16012815380508685,-0.16012815380508683,-0.20412414523193173,-0.16012815380508724,-0.1758631145281647,-0.16012815380508721,-0.160128153805087,-0.17586311452816497,-0.16012815380508708,-0.19044534662683044,-0.20412414523193181
-0.10050378152592128,0.3604767715468771,-0.142857142857143,-0.10050378152592127,-0.1943820432966013,-0.13411563362090126,-0.4034732923929642,-0.17586311452816505,-0.4364357804719841,-0.5696519211398114,-0.28474739872574933,4.898979485566364,-0.16012815380508708,-0.1758631145281647,-0.20412414523193181,-0.2526455763199555,-0.252645576319956,-0.2170723815877266,-0.25264557631995604,-0.34251778896020846,-0.17586311452816505,-0.17586311452816483,-0.2170723815877267,-0.17586311452816497,-0.160128153805087,-0.25264557631995566,-0.2294157338705616,-0.16012815380508708,-0.20412414523193181,-0.16012815380508702,-0.16012815380508702,-0.1758631145281652,-0.17586311452816475,-0.1601281538050872,-0.16012815380508685,-0.16012815380508683,-0.20412414523193173,-0.16012815380508724,-0.1758631145281647,-0.16012815380508721,-0.160128153805087,-0.17586311452816497,-0.16012815380508708,5.25085027128261,-0.20412414523193181
-0.10050378152592128,0.3604767715468771,-0.142857142857143,-0.10050378152592127,-0.6727219671312167,-0.0656018999703771,-0.4034732923929642,-0.17586311452816505,-0.4364357804719841,-0.5696519211398114,-0.28474739872574933,-0.20412414523193181,-0.16012815380508708,-0.1758631145281647,-0.20412414523193181,-0.2526455763199555,-0.252645576319956,-0.2170723815877266,-0.25264557631995604,-0.34251778896020846,-0.17586311452816505,-0.17586311452816483,-0.2170723815877267,-0.17586311452816497,-0.160128153805087,-0.25264557631995566,-0.2294157338705616,-0.16012815380508708,-0.20412414523193181,-0.16012815380508702,-0.16012815380508702,-0.1758631145281652,-0.17586311452816475,-0.1601281538050872,-0.16012815380508685,-0.16012815380508683,-0.20412414523193173,-0.16012815380508724,-0.1758631145281647,-0.16012815380508721,-0.160128153805087,-0.17586311452816497,-0.16012815380508708,-0.19044534662683044,-0.20412414523193181
-0.10050378152592128,0.3604767715468771,-0.142857142857143,-0.10050378152592127,-0.9233711548976435,0.07142556733067122,-0.4034732923929642,-0.17586311452816505,-0.4364357804719841,-0.5696519211398114,-0.28474739872574933,-0.20412414523193181,-0.16012815380508708,-0.1758631145281647,-0.20412414523193181,-0.2526455763199555,-0.252645576319956,-0.2170723815877266,-0.25264557631995604,-0.34251778896020846,-0.17586311452816505,-0.17586311452816483,-0.2170723815877267,-0.17586311452816497,-0.160128153805087,-0.25264557631995566,-0.2294157338705616,-0.16012815380508708,-0.20412414523193181,-0.16012815380508702,-0.16012815380508702,-0.1758631145281652,-0.17586311452816475,-0.1601281538050872,-0.16012815380508685,-0.16012815380508683,-0.20412414523193173,-0.16012815380508724,-0.1758631145281647,-0.16012815380508721,-0.160128153805087,-0.17586311452816497,-0.16012815380508708,-0.19044534662683044,-0.20412414523193181
-0.10050378152592128,0.3604767715468771,-0.142857142857143,-0.10050378152592127,-0.4409523183247624,-1.0933079047282395,-0.4034732923929642,-0.17586311452816505,-0.4364357804719841,-0.5696519211398114,-0.28474739872574933,-0.20412414523193181,-0.16012815380508708,-0.1758631145281647,-0.20412414523193181,-0.2526455763199555,-0.252645576319956,-0.2170723815877266,-0.25264557631995604,-0.34251778896020846,-0.17586311452816505,-0.17586311452816483,-0.2170723815877267,-0.17586311452816497,-0.160128153805087,-0.25264557631995566,-0.2294157338705616,-0.16012815380508708,-0.20412414523193181,-0.16012815380508702,-0.16012815380508702,-0.1758631145281652,-0.17586311452816475,-0.1601281538050872,-0.16012815380508685,-0.16012815380508683,-0.20412414523193173,-0.16012815380508724,-0.1758631145281647,-0.16012815380508721,-0.160128153805087,-0.17586311452816497,-0.16012815380508708,-0.19044534662683044,-0.20412414523193181
-0.10050378152592128,0.3604767715468771,-0.142857142857143,-0.10050378152592127,-0.8942360639100315,-2.0182433090103156,-0.4034732923929642,-0.17586311452816505,-0.4364357804719841,-0.5696519211398114,-0.28474739872574933,-0.20412414523193181,-0.16012815380508708,-0.1758631145281647,-0.20412414523193181,-0.2526455763199555,-0.252645576319956,-0.2170723815877266,-0.25264557631995604,-0.34251778896020846,-0.17586311452816505,-0.17586311452816483,-0.2170723815877267,-0.17586311452816497,-0.160128153805087,-0.25264557631995566,-0.2294157338705616,-0.16012815380508708,-0.20412414523193181,-0.16012815380508702,-0.16012815380508702,-0.1758631145281652,-0.17586311452816475,-0.1601281538050872,-0.16012815380508685,-0.16012815380508683,-0.20412414523193173,-0.16012815380508724,-0.1758631145281647,-0.16012815380508721,-0.160128153805087,-0.17586311452816497,-0.16012815380508708,-0.19044534662683044,-0.20412414523193181
-0.10050378152592128,0.3604767715468771,-0.142857142857143,-0.10050378152592127,-0.8996551908337274,0.24270990145698162,-0.4034732923929642,-0.17586311452816505,-0.4364357804719841,-0.5696519211398114,-0.28474739872574933,-0.20412414523193181,-0.16012815380508708,5.686240703077325,-0.20412414523193181,-0.2526455763199555,-0.252645576319956,-0.2170723815877266,-0.25264557631995604,-0.34251778896020846,-0.17586311452816505,-0.17586311452816483,-0.2170723815877267,-0.17586311452816497,-0.160128153805087,-0.25264557631995566,-0.2294157338705616,-0.16012815380508708,-0.20412414523193181,-0.16012815380508702,-0.16012815380508702,-0.1758631145281652,-0.17586311452816475,-0.1601281538050872,-0.16012815380508685,-0.16012815380508683,-0.20412414523193173,-0.16012815380508724,-0.1758631145281647,-0.16012815380508721,-0.160128153805087,-0.17586311452816497,-0.16012815380508708,-0.19044534662683044,-0.20412414523193181
-0.10050378152592128,0.3604767715468771,-0.142857142857143,-0.10050378152592127,1.1797745231341235,0.41399423558329207,-0.4034732923929642,-0.17586311452816505,-0.4364357804719841,-0.5696519211398114,-0.28474739872574933,-0.20412414523193181,-0.16012815380508708,-0.1758631145281647,-0.20412414523193181,-0.2526455763199555,3.958114029012644,-0.2170723815877266,-0.25264557631995604,-0.34251778896020846,-0.17586311452816505,-0.17586311452816483,-0.2170723815877267,-0.17586311452816497,-0.160128153805087,-0.25264557631995566,-0.2294157338705616,-0.16012815380508708,-0.20412414523193181,-0.16012815380508702,-0.16012815380508702,-0.1758631145281652,-0.17586311452816475,6.2449979983984,-0.16012815380508685,-0.16012815380508683,-0.20412414523193173,-0.16012815380508724,-0.1758631145281647,-0.16012815380508721,-0.160128153805087,-0.17586311452816497,-0.16012815380508708,-0.19044534662683044,-0.20412414523193181
-0.10050378152592128,0.3604767715468771,-0.142857142857143,-0.10050378152592127,-0.34996342917044976,-0.9905373042524533,-0.4034732923929642,-0.17586311452816505,-0.4364357804719841,1.7554579610635006,-0.28474739872574933,-0.20412414523193181,-0.16012815380508708,-0.1758631145281647,-0.20412414523193181,-0.2526455763199555,-0.252645576319956,-0.2170723815877266,-0.25264557631995604,2.919556391613206,-0.17586311452816505,-0.17586311452816483,-0.2170723815877267,-0.17586311452816497,-0.160128153805087,-0.25264557631995566,-0.2294157338705616,-0.16012815380508708,-0.20412414523193181,-0.16012815380508702,-0.16012815380508702,-0.1758631145281652,-0.17586311452816475,-0.1601281538050872,-0.16012815380508685,-0.16012815380508683,-0.20412414523193173,-0.16012815380508724,-0.1758631145281647,-0.16012815380508721,-0.160128153805087,-0.17586311452816497,-0.16012815380508708,-0.19044534662683044,-0.20412414523193181
-0.10050378152592128,0.3604767715468771,-0.142857142857143,-0.10050378152592127,0.6666181655693115,2.126837576846396,-0.4034732923929642,-0.17586311452816505,-0.4364357804719841,-0.5696519211398114,-0.28474739872574933,-0.20412414523193181,-0.16012815380508708,-0.1758631145281647,-0.20412414523193181,-0.2526455763199555,-0.252645576319956,-0.2170723815877266,-0.25264557631995604,-0.34251778896020846,-0.17586311452816505,-0.17586311452816483,-0.2170723815877267,-0.17586311452816497,-0.160128153805087,-0.25264557631995566,-0.2294157338705616,-0.16012815380508708,-0.20412414523193181,-0.16012815380508702,-0.16012815380508702,5.686240703077341,-0.17586311452816475,-0.1601281538050872,-0.16012815380508685,-0.16012815380508683,-0.20412414523193173,-0.16012815380508724,-0.1758631145281647,-0.16012815380508721,-0.160128153805087,-0.17586311452816497,-0.16012815380508708,-0.19044534662683044,-0.20412414523193181
-0.10050378152592128,0.3604767715468771,-0.142857142857143,-0.10050378152592127,-0.8154256427885407,2.1953513104969202,-0.4034732923929642,-0.17586311452816505,-0.4364357804719841,-0.5696519211398114,3.511884584284242,-0.20412414523193181,-0.16012815380508708,-0.1758631145281647,-0.20412414523193181,3.958114029012636,-0.252645576319956,-0.2170723815877266,-0.25264557631995604,-0.34251778896020846,-0.17586311452816505,-0.17586311452816483,-0.2170723815877267,-0.17586311452816497,-0.160128153805087,-0.25264557631995566,-0.2294157338705616,-0.16012815380508708,-0.20412414523193181,-0.16012815380508702,-0.16012815380508702,-0.1758631145281652,-0.17586311452816475,-0.1601281538050872,-0.16012815380508685,-0.16012815380508683,-0.20412414523193173,-0.16012815380508724,-0.1758631145281647,-0.16012815380508721,-0.160128153805087,-0.17586311452816497,-0.16012815380508708,-0.19044534662683044,-0.20412414523193181
-0.10050378152592128,0.3604767715468771,-0.142857142857143,-0.10050378152592127,0.8626099226429779,-0.6137117691745704,-0.4034732923929642,-0.17586311452816505,-0.4364357804719841,-0.5696519211398114,-0.28474739872574933,-0.20412414523193181,-0.16012815380508708,-0.1758631145281647,-0.20412414523193181,-0.2526455763199555,-0.252645576319956,-0.2170723815877266,-0.25264557631995604,-0.34251778896020846,-0.17586311452816505,-0.17586311452816483,-0.2170723815877267,-0.17586311452816497,-0.160128153805087,-0.25264557631995566,-0.2294157338705616,-0.16012815380508708,-0.20412414523193181,-0.16012815380508702,-0.16012815380508702,-0.1758631145281652,-0.17586311452816475,-0.1601281538050872,-0.16012815380508685,-0.16012815380508683,-0.20412414523193173,-0.16012815380508724,-0.1758631145281647,-0.16012815380508721,-0.160128153805087,-0.17586311452816497,6.244997998398396,-0.19044534662683044,-0.20412414523193181
-0.10050378152592128,0.3604767715468771,-0.142857142857143,-0.10050378152592127,-0.5992141325694713,0.07142556733067122,-0.4034732923929642,-0.17586311452816505,-0.4364357804719841,-0.5696519211398114,-0.28474739872574933,-0.20412414523193181,-0.16012815380508708,-0.1758631145281647,-0.20412414523193181,-0.2526455763199555,-0.252645576319956,-0.2170723815877266,-0.25264557631995604,-0.34251778896020846,-0.17586311452816505,-0.17586311452816483,-0.2170723815877267,-0.17586311452816497,-0.160128153805087,-0.25264557631995566,-0.2294157338705616,-0.16012815380508708,4.898979485566364,-0.16012815380508702,-0.16012815380508702,-0.1758631145281652,-0.17586311452816475,-0.1601281538050872,-0.16012815380508685,-0.16012815380508683,-0.20412414523193173,-0.16012815380508724,-0.1758631145281647,-0.16012815380508721,-0.160128153805087,-0.17586311452816497,-0.16012815380508708,-0.19044534662683044,-0.20412414523193181
-0.10050378152592128,0.3604767715468771,-0.142857142857143,-0.10050378152592127,-0.062108730212842404,-0.7164823696503566,-0.4034732923929642,-0.17586311452816505,-0.4364357804719841,1.7554579610635006,-0.28474739872574933,-0.20412414523193181,-0.16012815380508708,-0.1758631145281647,-0.20412414523193181,-0.2526455763199555,-0.252645576319956,-0.2170723815877266,-0.25264557631995604,-0.34251778896020846,-0.17586311452816505,-0.17586311452816483,-0.2170723815877267,-0.17586311452816497,-0.160128153805087,-0.25264557631995566,-0.2294157338705616,-0.16012815380508708,4.898979485566364,-0.16012815380508702,-0.16012815380508702,-0.1758631145281652,-0.17586311452816475,-0.1601281538050872,-0.16012815380508685,-0.16012815380508683,-0.20412414523193173,6.244997998398403,-0.1758631145281647,-0.16012815380508721,-0.160128153805087,-0.17586311452816497,-0.16012815380508708,-0.19044534662683044,-0.20412414523193181
-0.10050378152592128,0.3604767715468771,-0.142857142857143,-0.10050378152592127,-0.3855082401753365,3.634139717157928,-0.4034732923929642,-0.17586311452816505,-0.4364357804719841,-0.5696519211398114,-0.28474739872574933,-0.20412414523193181,-0.16012815380508708,-0.1758631145281647,-0.20412414523193181,-0.2526455763199555,-0.252645576319956,-0.2170723815877266,-0.25264557631995604,-0.34251778896020846,-0.17586311452816505,-0.17586311452816483,-0.2170723815877267,-0.17586311452816497,-0.160128153805087,-0.25264557631995566,-0.2294157338705616,-0.16012815380508708,-0.20412414523193181,-0.16012815380508702,-0.16012815380508702,-0.1758631145281652,-0.17586311452816475,-0.1601281538050872,-0.16012815380508685,-0.16012815380508683,-0.20412414523193173,-0.16012815380508724,-0.1758631145281647,-0.16012815380508721,-0.160128153805087,-0.17586311452816497,-0.16012815380508708,-0.19044534662683044,-0.20412414523193181
-0.10050378152592128,0.3604767715468771,-0.142857142857143,-0.10050378152592127,3.455166859084653,0.9621041047874853,-0.4034732923929642,-0.17586311452816505,2.2912878474779164,-0.5696519211398114,-0.28474739872574933,-0.20412414523193181,-0.16012815380508708,-0.1758631145281647,-0.20412414523193181,-0.2526455763199555,-0.252645576319956,-0.2170723815877266,-0.25264557631995604,-0.34251778896020846,-0.17586311452816505,-0.17586311452816483,-0.2170723815877267,-0.17586311452816497,-0.160128153805087,-0.25264557631995566,-0.2294157338705616,-0.16012815380508708,-0.20412414523193181,-0.16012815380508702,-0.16012815380508702,-0.1758631145281652,-0.17586311452816475,-0.1601281538050872,-0.16012815380508685,-0.16012815380508683,-0.20412414523193173,-0.16012815380508724,-0.1758631145281647,-0.16012815380508721,-0.160128153805087,-0.17586311452816497,-0.16012815380508708,-0.19044534662683044,-0.20412414523193181
-0.10050378152592128,0.3604767715468771,-0.142857142857143,-0.10050378152592127,0.9003107303809482,-0.819252970126143,-0.4034732923929642,-0.17586311452816505,-0.4364357804719841,-0.5696519211398114,-0.28474739872574933,-0.20412414523193181,-0.16012815380508708,-0.1758631145281647,-0.20412414523193181,-0.2526455763199555,3.958114029012644,-0.2170723815877266,-0.25264557631995604,-0.34251778896020846,-0.17586311452816505,-0.17586311452816483,-0.2170723815877267,5.686240703077335,-0.160128153805087,-0.25264557631995566,-0.2294157338705616,-0.16012815380508708,-0.20412414523193181,-0.16012815380508702,-0.16012815380508702,-0.1758631145281652,-0.17586311452816475,-0.1601281538050872,-0.16012815380508685,-0.16012815380508683,-0.20412414523193173,-0.16012815380508724,-0.1758631145281647,-0.16012815380508721,-0.160128153805087,-0.17586311452816497,-0.16012815380508708,-0.19044534662683044,-0.20412414523193181
-0.10050378152592128,0.3604767715468771,-0.142857142857143,-0.10050378152592127,-0.4964255315651758,-0.7849961033008808,-0.4034732923929642,-0.17586311452816505,-0.4364357804719841,-0.5696519211398114,-0.28474739872574933,-0.20412414523193181,-0.16012815380508708,-0.1758631145281647,-0.20412414523193181,-0.2526455763199555,-0.252645576319956,-0.2170723815877266,-0.25264557631995604,-0.34251778896020846,-0.17586311452816505,-0.17586311452816483,-0.2170723815877267,-0.17586311452816497,-0.160128153805087,-0.25264557631995566,-0.2294157338705616,-0.16012815380508708,-0.20412414523193181,-0.16012815380508702,-0.16012815380508702,-0.1758631145281652,-0.17586311452816475,-0.1601281538050872,-0.16012815380508685,-0.16012815380508683,-0.20412414523193173,-0.16012815380508724,-0.1758631145281647,-0.16012815380508721,-0.160128153805087,-0.17586311452816497,-0.16012815380508708,5.25085027128261,-0.20412414523193181
-0.10050378152592128,0.3604767715468771,-0.142857142857143,-0.10050378152592127,-0.32744200383702576,-0.9562804374271913,-0.4034732923929642,-0.17586311452816505,2.2912878474779164,-0.5696519211398114,-0.28474739872574933,-0.20412414523193181,-0.16012815380508708,-0.1758631145281647,-0.20412414523193181,-0.2526455763199555,-0.252645576319956,-0.2170723815877266,-0.25264557631995604,-0.34251778896020846,-0.17586311452816505,-0.17586311452816483,-0.2170723815877267,-0.17586311452816497,-0.160128153805087,-0.25264557631995566,-0.2294157338705616,-0.16012815380508708,-0.20412414523193181,-0.16012815380508702,-0.16012815380508702,-0.1758631145281652,5.686240703077327,-0.1601281538050872,-0.16012815380508685,-0.16012815380508683,-0.20412414523193173,-0.16012815380508724,-0.1758631145281647,-0.16012815380508721,-0.160128153805087,-0.17586311452816497,-0.16012815380508708,-0.19044534662683044,-0.20412414523193181
-0.10050378152592128,0.3604767715468771,-0.142857142857143,-0.10050378152592127,-0.7258935081836088,-1.1618216383787636,-0.4034732923929642,-0.17586311452816505,-0.4364357804719841,1.7554579610635006,-0.28474739872574933,-0.20412414523193181,-0.16012815380508708,-0.1758631145281647,-0.20412414523193181,-0.2526455763199555,-0.252645576319956,-0.2170723815877266,-0.25264557631995604,2.919556391613206,-0.17586311452816505,5.686240703077329,-0.2170723815877267,-0.17586311452816497,-0.160128153805087,3.9581140290126386,-0.2294157338705616,-0.16012815380508708,-0.20412414523193181,-0.16012815380508702,-0.16012815380508702,-0.1758631145281652,-0.17586311452816475,-0.1601281538050872,-0.16012815380508685,-0.16012815380508683,-0.20412414523193173,-0.16012815380508724,-0.1758631145281647,-0.16012815380508721,-0.160128153805087,-0.17586311452816497,-0.16012815380508708,-0.19044534662683044,-0.20412414523193181
-0.10050378152592128,0.3604767715468771,-0.142857142857143,-0.10050378152592127,-0.1020238048658709,0.7908197706611749,-0.4034732923929642,-0.17586311452816505,-0.4364357804719841,-0.5696519211398114,-0.28474739872574933,-0.20412414523193181,-0.16012815380508708,-0.1758631145281647,-0.20412414523193181,-0.2526455763199555,-0.252645576319956,-0.2170723815877266,-0.25264557631995604,-0.34251778896020846,-0.17586311452816505,-0.17586311452816483,-0.2170723815877267,-0.17586311452816497,-0.160128153805087,-0.25264557631995566,-0.2294157338705616,-0.16012815380508708,-0.20412414523193181,-0.16012815380508702,-0.16012815380508702,-0.1758631145281652,-0.17586311452816475,-0.1601281538050872,-0.16012815380508685,-0.16012815380508683,-0.20412414523193173,-0.16012815380508724,-0.1758631145281647,-0.16012815380508721,-0.160128153805087,-0.17586311452816497,-0.16012815380508708,-0.19044534662683044,-0.20412414523193181
-0.10050378152592128,0.3604767715468771,-0.142857142857143,-0.10050378152592127,1.6518504024064018,-0.9905373042524533,-0.4034732923929642,-0.17586311452816505,2.2912878474779164,-0.5696519211398114,-0.28474739872574933,-0.20412414523193181,-0.16012815380508708,-0.1758631145281647,-0.20412414523193181,-0.2526455763199555,-0.252645576319956,-0.2170723815877266,3.9581140290126444,-0.34251778896020846,-0.17586311452816505,-0.17586311452816483,-0.2170723815877267,-0.17586311452816497,-0.160128153805087,-0.25264557631995566,-0.2294157338705616,-0.16012815380508708,-0.20412414523193181,-0.16012815380508702,-0.16012815380508702,-0.1758631145281652,-0.17586311452816475,-0.1601281538050872,-0.16012815380508685,-0.16012815380508683,-0.20412414523193173,-0.16012815380508724,-0.1758631145281647,6.244997998398401,-0.160128153805087,-0.17586311452816497,-0.16012815380508708,-0.19044534662683044,-0.20412414523193181
-0.10050378152592128,0.3604767715468771,-0.142857142857143,-0.10050378152592127,-0.5759934650523445,-0.20262936727142541,-0.4034732923929642,-0.17586311452816505,-0.4364357804719841,-0.5696519211398114,3.511884584284242,-0.20412414523193181,-0.16012815380508708,-0.1758631145281647,-0.20412414523193181,-0.2526455763199555,-0.252645576319956,-0.2170723815877266,-0.25264557631995604,2.919556391613206,-0.17586311452816505,-0.17586311452816483,-0.2170723815877267,-0.17586311452816497,-0.160128153805087,-0.25264557631995566,-0.2294157338705616,-0.16012815380508708,-0.20412414523193181,-0.16012815380508702,-0.16012815380508702,-0.1758631145281652,-0.17586311452816475,-0.1601281538050872,-0.16012815380508685,-0.16012815380508683,-0.20412414523193173,-0.16012815380508724,-0.1758631145281647,-0.16012815380508721,-0.160128153805087,-0.17586311452816497,-0.16012815380508708,-0.19044534662683044,-0.20412414523193181
-0.10050378152592128,0.3604767715468771,-0.142857142857143,-0.10050378152592127,0.10273761459506688,-0.6822255028250945,-0.4034732923929642,-0.17586311452816505,-0.4364357804719841,1.7554579610635006,-0.28474739872574933,-0.20412414523193181,-0.16012815380508708,-0.1758631145281647,-0.20412414523193181,-0.2526455763199555,-0.252645576319956,-0.2170723815877266,-0.25264557631995604,-0.34251778896020846,-0.17586311452816505,-0.17586311452816483,-0.2170723815877267,-0.17586311452816497,-0.160128153805087,-0.25264557631995566,-0.2294157338705616,6.244997998398396,-0.20412414523193181,-0.16012815380508702,-0.16012815380508702,-0.1758631145281652,-0.17586311452816475,-0.1601281538050872,-0.16012815380508685,-0.16012815380508683,-0.20412414523193173,-0.16012815380508724,-0.1758631145281647,-0.16012815380508721,-0.160128153805087,-0.17586311452816497,-0.16012815380508708,-0.19044534662683044,-0.20412414523193181
-0.10050378152592128,0.3604767715468771,-0.142857142857143,-0.10050378152592127,-0.5677773693938379,-1.4358765729808605,-0.4034732923929642,-0.17586311452816505,-0.4364357804719841,1.7554579610635006,-0.28474739872574933,4.898979485566364,-0.16012815380508708,-0.1758631145281647,-0.20412414523193181,-0.2526455763199555,-0.252645576319956,-0.2170723815877266,-0.25264557631995604,-0.34251778896020846,-0.17586311452816505,-0.17586311452816483,-0.2170723815877267,-0.17586311452816497,-0.160128153805087,-0.25264557631995566,-0.2294157338705616,-0.16012815380508708,-0.20412414523193181,-0.16012815380508702,-0.16012815380508702,-0.1758631145281652,-0.17586311452816475,-0.1601281538050872,-0.16012815380508685,-0.16012815380508683,-0.20412414523193173,-0.16012815380508724,-0.1758631145281647,6.244997998398401,-0.160128153805087,-0.17586311452816497,-0.16012815380508708,-0.19044534662683044,-0.20412414523193181
-0.10050378152592128,0.3604767715468771,-0.142857142857143,-0.10050378152592127,0.8945419823654008,0.5852785697096025,2.478478796128208,-0.17586311452816505,-0.4364357804719841,1.7554579610635006,-0.28474739872574933,-0.20412414523193181,-0.16012815380508708,-0.1758631145281647,-0.20412414523193181,-0.2526455763199555,-0.252645576319956,-0.2170723815877266,-0.25264557631995604,-0.34251778896020846,-0.17586311452816505,-0.17586311452816483,-0.2170723815877267,-0.17586311452816497,-0.160128153805087,-0.25264557631995566,-0.2294157338705616,-0.16012815380508708,-0.20412414523193181,-0.16012815380508702,-0.16012815380508702,-0.1758631145281652,-0.17586311452816475,-0.1601281538050872,-0.16012815380508685,-0.16012815380508683,-0.20412414523193173,-0.16012815380508724,-0.1758631145281647,-0.16012815380508721,-0.160128153805087,-0.17586311452816497,6.244997998398396,-0.19044534662683044,-0.20412414523193181
-0.10050378152592128,-2.77410385059988,-0.142857142857143,-0.10050378152592127,-0.6867359458962581,-0.9220235706019292,-0.4034732923929642,-0.17586311452816505,-0.4364357804719841,1.7554579610635006,-0.28474739872574933,-0.20412414523193181,-0.16012815380508708,-0.1758631145281647,-0.20412414523193181,-0.2526455763199555,-0.252645576319956,-0.2170723815877266,-0.25264557631995604,-0.34251778896020846,-0.17586311452816505,-0.17586311452816483,-0.2170723815877267,-0.17586311452816497,-0.160128153805087,-0.25264557631995566,-0.2294157338705616,-0.16012815380508708,-0.20412414523193181,-0.16012815380508702,-0.16012815380508702,-0.1758631145281652,-0.17586311452816475,-0.1601281538050872,-0.16012815380508685,-0.16012815380508683,-0.20412414523193173,-0.16012815380508724,-0.1758631145281647,-0.16012815380508721,-0.160128153805087,-0.17586311452816497,-0.16012815380508708,-0.19044534662683044,-0.20412414523193181
-0.10050378152592128,0.3604767715468771,-0.142857142857143,-0.10050378152592127,-0.4100691218778936,0.7223060370106508,-0.4034732923929642,-0.17586311452816505,2.2912878474779164,-0.5696519211398114,-0.28474739872574933,-0.20412414523193181,-0.16012815380508708,-0.1758631145281647,-0.20412414523193181,3.958114029012636,-0.252645576319956,-0.2170723815877266,-0.25264557631995604,-0.34251778896020846,-0.17586311452816505,-0.17586311452816483,-0.2170723815877267,-0.17586311452816497,-0.160128153805087,-0.25264557631995566,-0.2294157338705616,-0.16012815380508708,-0.20412414523193181,-0.16012815380508702,-0.16012815380508702,-0.1758631145281652,-0.17586311452816475,-0.1601281538050872,-0.16012815380508685,-0.16012815380508683,-0.20412414523193173,-0.16012815380508724,-0.1758631145281647,-0.16012815380508721,-0.160128153805087,-0.17586311452816497,-0.16012815380508708,-0.19044534662683044,-0.20412414523193181
-0.10050378152592128,-2.77410385059988,7.000000000000006,-0.10050378152592127,-0.42125699681713663,-0.9220235706019292,-0.4034732923929642,-0.17586311452816505,-0.4364357804719841,-0.5696519211398114,-0.28474739872574933,-0.20412414523193181,-0.16012815380508708,-0.1758631145281647,-0.20412414523193181,-0.2526455763199555,-0.252645576319956,-0.2170723815877266,-0.25264557631995604,-0.34251778896020846,-0.17586311452816505,-0.17586311452816483,-0.2170723815877267,-0.17586311452816497,-0.160128153805087,-0.25264557631995566,-0.2294157338705616,-0.16012815380508708,-0.20412414523193181,-0.16012815380508702,-0.16012815380508702,-0.1758631145281652,-0.17586311452816475,-0.1601281538050872,-0.16012815380508685,-0.16012815380508683,-0.20412414523193173,-0.16012815380508724,-0.1758631145281647,-0.16012815380508721,-0.160128153805087,5.686240703077335,6.244997998398396,-0.19044534662683044,-0.20412414523193181
-0.10050378152592128,0.3604767715468771,-0.142857142857143,-0.10050378152592127,-0.8104144071386714,0.20845303463171955,-0.4034732923929642,-0.17586311452816505,-0.4364357804719841,-0.5696519211398114,-0.28474739872574933,-0.20412414523193181,-0.16012815380508708,-0.1758631145281647,-0.20412414523193181,-0.2526455763199555,-0.252645576319956,-0.2170723815877266,-0.25264557631995604,-0.34251778896020846,-0.17586311452816505,-0.17586311452816483,-0.2170723815877267,-0.17586311452816497,-0.160128153805087,-0.25264557631995566,-0.2294157338705616,-0.16012815380508708,-0.20412414523193181,-0.16012815380508702,-0.16012815380508702,-0.1758631145281652,-0.17586311452816475,-0.1601281538050872,-0.16012815380508685,-0.16012815380508683,-0.20412414523193173,-0.16012815380508724,-0.1758631145281647,-0.16012815380508721,-0.160128153805087,-0.17586311452816497,-0.16012815380508708,-0.19044534662683044,-0.20412414523193181
-0.10050378152592128,-2.77410385059988,7.000000000000006,-0.10050378152592127,-0.671265212581836,0.1399393009811954,-0.4034732923929642,-0.17586311452816505,-0.4364357804719841,-0.5696519211398114,-0.28474739872574933,-0.20412414523193181,-0.16012815380508708,-0.1758631145281647,-0.20412414523193181,-0.2526455763199555,-0.252645576319956,-0.2170723815877266,-0.25264557631995604,-0.34251778896020846,-0.17586311452816505,-0.17586311452816483,-0.2170723815877267,-0.17586311452816497,-0.160128153805087,-0.25264557631995566,-0.2294157338705616,-0.16012815380508708,-0.20412414523193181,-0.16012815380508702,-0.16012815380508702,-0.1758631145281652,-0.17586311452816475,-0.1601281538050872,-0.16012815380508685,-0.16012815380508683,-0.20412414523193173,-0.16012815380508724,-0.1758631145281647,-0.16012815380508721,-0.160128153805087,-0.17586311452816497,-0.16012815380508708,-0.19044534662683044,-0.20412414523193181
-0.10050378152592128,0.3604767715468771,-0.142857142857143,-0.10050378152592127,1.5256371882480664,0.7223060370106508,2.478478796128208,-0.17586311452816505,2.2912878474779164,-0.5696519211398114,-0.28474739872574933,-0.20412414523193181,-0.16012815380508708,-0.1758631145281647,-0.20412414523193181,-0.2526455763199555,-0.252645576319956,-0.2170723815877266,-0.25264557631995604,-0.34251778896020846,-0.17586311452816505,-0.17586311452816483,-0.2170723815877267,-0.17586311452816497,6.244997998398392,-0.25264557631995566,-0.2294157338705616,-0.16012815380508708,4.898979485566364,-0.16012815380508702,-0.16012815380508702,-0.1758631145281652,5.686240703077327,-0.1601281538050872,-0.16012815380508685,-0.16012815380508683,-0.20412414523193173,-0.16012815380508724,-0.1758631145281647,-0.16012815380508721,-0.160128153805087,-0.17586311452816497,-0.16012815380508708,-0.19044534662683044,-0.20412414523193181
-0.10050378152592128,0.3604767715468771,-0.142857142857143,-0.10050378152592127,0.17053497132324016,-0.09985876679563918,-0.4034732923929642,-0.17586311452816505,2.2912878474779164,1.7554579610635006,-0.28474739872574933,-0.20412414523193181,-0.16012815380508708,-0.1758631145281647,-0.20412414523193181,-0.2526455763199555,-0.252645576319956,-0.2170723815877266,-0.25264557631995604,-0.34251778896020846,-0.17586311452816505,-0.17586311452816483,-0.2170723815877267,-0.17586311452816497,-0.160128153805087,-0.25264557631995566,-0.2294157338705616,-0.16012815380508708,-0.20412414523193181,-0.16012815380508702,-0.16012815380508702,-0.1758631145281652,-0.17586311452816475,-0.1601281538050872,-0.16012815380508685,-0.16012815380508683,-0.20412414523193173,-0.16012815380508724,-0.1758631145281647,-0.16012815380508721,-0.160128153805087,-0.17586311452816497,-0.16012815380508708,-0.19044534662683044,-0.20412414523193181
-0.10050378152592128,0.3604767715468771,-0.142857142857143,-0.10050378152592127,-0.7963421581916548,-0.5451980355240462,-0.4034732923929642,-0.17586311452816505,-0.4364357804719841,1.7554579610635006,-0.28474739872574933,-0.20412414523193181,-0.16012815380508708,-0.1758631145281647,-0.20412414523193181,-0.2526455763199555,-0.252645576319956,-0.2170723815877266,-0.25264557631995604,-0.34251778896020846,-0.17586311452816505,-0.17586311452816483,-0.2170723815877267,-0.17586311452816497,-0.160128153805087,3.9581140290126386,4.35889894354067,-0.16012815380508708,-0.20412414523193181,-0.16012815380508702,-0.16012815380508702,-0.1758631145281652,-0.17586311452816475,-0.1601281538050872,-0.16012815380508685,-0.16012815380508683,-0.20412414523193173,-0.16012815380508724,-0.1758631145281647,-0.16012815380508721,-0.160128153805087,-0.17586311452816497,-0.16012815380508708,-0.19044534662683044,-0.20412414523193181
-0.10050378152592128,0.3604767715468771,-0.142857142857143,-0.10050378152592127,-0.5615715950134765,-1.1275647715535015,-0.4034732923929642,-0.17586311452816505,-0.4364357804719841,-0.5696519211398114,-0.28474739872574933,-0.20412414523193181,-0.16012815380508708,-0.1758631145281647,-0.20412414523193181,-0.2526455763199555,-0.252645576319956,-0.2170723815877266,3.9581140290126444,-0.34251778896020846,-0.17586311452816505,-0.17586311452816483,-0.2170723815877267,-0.17586311452816497,-0.160128153805087,-0.25264557631995566,-0.2294157338705616,-0.16012815380508708,-0.20412414523193181,-0.16012815380508702,-0.16012815380508702,-0.1758631145281652,-0.17586311452816475,-0.1601281538050872,-0.16012815380508685,-0.16012815380508683,-0.20412414523193173,-0.16012815380508724,-0.1758631145281647,-0.16012815380508721,-0.160128153805087,-0.17586311452816497,-0.16012815380508708,-0.19044534662683044,-0.20412414523193181
-0.10050378152592128,0.3604767715468771,-0.142857142857143,-0.10050378152592127,-0.08623258555058509,-0.5451980355240462,-0.4034732923929642,5.686240703077337,-0.4364357804719841,-0.5696519211398114,-0.28474739872574933,-0.20412414523193181,-0.16012815380508708,-0.1758631145281647,-0.20412414523193181,-0.2526455763199555,-0.252645576319956,-0.2170723815877266,-0.25264557631995604,-0.34251778896020846,-0.17586311452816505,-0.17586311452816483,-0.2170723815877267,-0.17586311452816497,-0.160128153805087,-0.25264557631995566,-0.2294157338705616,-0.16012815380508708,-0.20412414523193181,-0.16012815380508702,-0.16012815380508702,-0.1758631145281652,-0.17586311452816475,-0.1601281538050872,-0.16012815380508685,-0.16012815380508683,-0.20412414523193173,-0.16012815380508724,-0.1758631145281647,-0.16012815380508721,-0.160128153805087,-0.17586311452816497,-0.16012815380508708,-0.19044534662683044,-0.20412414523193181
-0.10050378152592128,0.3604767715468771,-0.142857142857143,-0.10050378152592127,-0.9098233375884038,0.6195354365348645,-0.4034732923929642,-0.17586311452816505,-0.4364357804719841,-0.5696519211398114,-0.28474739872574933,4.898979485566364,-0.16012815380508708,-0.1758631145281647,-0.20412414523193181,-0.2526455763199555,-0.252645576319956,-0.2170723815877266,3.9581140290126444,-0.34251778896020846,-0.17586311452816505,-0.17586311452816483,-0.2170723815877267,-0.17586311452816497,-0.160128153805087,-0.25264557631995566,-0.2294157338705616,-0.16012815380508708,-0.20412414523193181,-0.16012815380508702,-0.16012815380508702,-0.1758631145281652,-0.17586311452816475,-0.1601281538050872,-0.16012815380508685,-0.16012815380508683,-0.20412414523193173,-0.16012815380508724,-0.1758631145281647,-0.16012815380508721,-0.160128153805087,-0.17586311452816497,-0.16012815380508708,-0.19044534662683044,-0.20412414523193181
-0.10050378152592128,0.3604767715468771,-0.142857142857143,-0.10050378152592127,0.024917786567154983,0.10568243415593331,-0.4034732923929642,-0.17586311452816505,-0.4364357804719841,-0.5696519211398114,-0.28474739872574933,-0.20412414523193181,-0.16012815380508708,-0.1758631145281647,-0.20412414523193181,-0.2526455763199555,-0.252645576319956,-0.2170723815877266,-0.25264557631995604,-0.34251778896020846,-0.17586311452816505,-0.17586311452816483,-0.2170723815877267,-0.17586311452816497,-0.160128153805087,-0.25264557631995566,-0.2294157338705616,-0.16012815380508708,-0.20412414523193181,6.244997998398394,-0.16012815380508702,5.686240703077341,-0.17586311452816475,-0.1601281538050872,-0.16012815380508685,-0.16012815380508683,-0.20412414523193173,-0.16012815380508724,-0.1758631145281647,-0.16012815380508721,-0.160128153805087,-0.17586311452816497,-0.16012815380508708,5.25085027128261,-0.20412414523193181
-0.10050378152592128,0.3604767715468771,-0.142857142857143,-0.10050378152592127,-0.340785875509352,0.07142556733067122,-0.4034732923929642,-0.17586311452816505,-0.4364357804719841,-0.5696519211398114,-0.28474739872574933,-0.20412414523193181,-0.16012815380508708,-0.1758631145281647,-0.20412414523193181,-0.2526455763199555,-0.252645576319956,4.606758320361753,-0.25264557631995604,-0.34251778896020846,-0.17586311452816505,-0.17586311452816483,-0.2170723815877267,-0.17586311452816497,-0.160128153805087,-0.25264557631995566,-0.2294157338705616,6.244997998398396,-0.20412414523193181,-0.16012815380508702,-0.16012815380508702,-0.1758631145281652,-0.17586311452816475,-0.1601281538050872,-0.16012815380508685,-0.16012815380508683,-0.20412414523193173,-0.16012815380508724,-0.1758631145281647,-0.16012815380508721,-0.160128153805087,-0.17586311452816497,6.244997998398396,-0.19044534662683044,-0.20412414523193181
-0.10050378152592128,-2.77410385059988,-0.142857142857143,-0.10050378152592127,-0.9320242769209642,-0.5451980355240462,-0.4034732923929642,-0.17586311452816505,-0.4364357804719841,1.7554579610635006,-0.28474739872574933,-0.20412414523193181,-0.16012815380508708,-0.1758631145281647,-0.20412414523193181,-0.2526455763199555,-0.252645576319956,-0.2170723815877266,-0.25264557631995604,-0.34251778896020846,-0.17586311452816505,-0.17586311452816483,-0.2170723815877267,-0.17586311452816497,-0.160128153805087,-0.25264557631995566,-0.2294157338705616,-0.16012815380508708,-0.20412414523193181,-0.16012815380508702,-0.16012815380508702,-0.1758631145281652,-0.17586311452816475,-0.1601281538050872,-0.16012815380508685,-0.16012815380508683,-0.20412414523193173,-0.16012815380508724,-0.1758631145281647,-0.16012815380508721,-0.160128153805087,-0.17586311452816497,-0.16012815380508708,-0.19044534662683044,-0.20412414523193181
-0.10050378152592128,-2.77410385059988,-0.142857142857143,-0.10050378152592127,-0.4768467504215005,0.7565629038359128,-0.4034732923929642,-0.17586311452816505,-0.4364357804719841,-0.5696519211398114,-0.28474739872574933,-0.20412414523193181,6.244997998398396,-0.1758631145281647,-0.20412414523193181,-0.2526455763199555,3.958114029012644,-0.2170723815877266,-0.25264557631995604,-0.34251778896020846,-0.17586311452816505,-0.17586311452816483,-0.2170723815877267,-0.17586311452816497,-0.160128153805087,-0.25264557631995566,-0.2294157338705616,-0.16012815380508708,-0.20412414523193181,-0.16012815380508702,-0.16012815380508702,-0.1758631145281652,-0.17586311452816475,-0.1601281538050872,-0.16012815380508685,-0.16012815380508683,-0.20412414523193173,-0.16012815380508724,-0.1758631145281647,-0.16012815380508721,-0.160128153805087,-0.17586311452816497,-0.16012815380508708,-0.19044534662683044,-0.20412414523193181
-0.10050378152592128,0.3604767715468771,-0.142857142857143,-0.10050378152592127,-0.3394456613239219,-0.47668430187352206,-0.4034732923929642,-0.17586311452816505,-0.4364357804719841,1.7554579610635006,-0.28474739872574933,-0.20412414523193181,-0.16012815380508708,-0.1758631145281647,-0.20412414523193181,-0.2526455763199555,-0.252645576319956,-0.2170723815877266,-0.25264557631995604,2.919556391613206,-0.17586311452816505,-0.17586311452816483,-0.2170723815877267,-0.17586311452816497,-0.160128153805087,-0.25264557631995566,-0.2294157338705616,-0.16012815380508708,-0.20412414523193181,-0.16012815380508702,-0.16012815380508702,-0.1758631145281652,-0.17586311452816475,-0.1601281538050872,-0.16012815380508685,-0.16012815380508683,-0.20412414523193173,6.244997998398403,-0.1758631145281647,-0.16012815380508721,-0.160128153805087,-0.17586311452816497,-0.16012815380508708,-0.19044534662683044,-0.20412414523193181
-0.10050378152592128,0.3604767715468771,-0.142857142857143,-0.10050378152592127,-0.6893872391761308,0.37973736875802994,2.478478796128208,-0.17586311452816505,-0.4364357804719841,1.7554579610635006,-0.28474739872574933,-0.20412414523193181,-0.16012815380508708,-0.1758631145281647,-0.20412414523193181,-0.2526455763199555,-0.252645576319956,-0.2170723815877266,-0.25264557631995604,-0.34251778896020846,-0.17586311452816505,-0.17586311452816483,4.606758320361756,-0.17586311452816497,-0.160128153805087,-0.25264557631995566,-0.2294157338705616,-0.16012815380508708,-0.20412414523193181,-0.16012815380508702,-0.16012815380508702,-0.1758631145281652,-0.17586311452816475,-0.1601281538050872,-0.16012815380508685,-0.16012815380508683,-0.20412414523193173,-0.16012815380508724,-0.1758631145281647,-0.16012815380508721,-0.160128153805087,-0.17586311452816497,-0.16012815380508708,-0.19044534662683044,-0.20412414523193181
-0.10050378152592128,0.3604767715468771,-0.142857142857143,-0.10050378152592127,-0.3217897961854289,0.0029118336801470628,-0.4034732923929642,-0.17586311452816505,2.2912878474779164,-0.5696519211398114,-0.28474739872574933,-0.20412414523193181,-0.16012815380508708,-0.1758631145281647,-0.20412414523193181,-0.2526455763199555,-0.252645576319956,-0.2170723815877266,-0.25264557631995604,-0.34251778896020846,-0.17586311452816505,-0.17586311452816483,-0.2170723815877267,-0.17586311452816497,-0.160128153805087,-0.25264557631995566,-0.2294157338705616,-0.16012815380508708,-0.20412414523193181,-0.16012815380508702,-0.16012815380508702,5.686240703077341,-0.17586311452816475,-0.1601281538050872,-0.16012815380508685,-0.16012815380508683,-0.20412414523193173,-0.16012815380508724,-0.1758631145281647,-0.16012815380508721,-0.160128153805087,-0.17586311452816497,-0.16012815380508708,-0.19044534662683044,-0.20412414523193181
-0.10050378152592128,0.3604767715468771,-0.142857142857143,-0.10050378152592127,-0.5372437940388204,-1.1275647715535015,-0.4034732923929642,-0.17586311452816505,-0.4364357804719841,-0.5696519211398114,-0.28474739872574933,-0.20412414523193181,-0.16012815380508708,-0.1758631145281647,-0.20412414523193181,-0.2526455763199555,-0.252645576319956,-0.2170723815877266,-0.25264557631995604,-0.34251778896020846,-0.17586311452816505,5.686240703077329,-0.2170723815877267,-0.17586311452816497,-0.160128153805087,-0.25264557631995566,-0.2294157338705616,-0.16012815380508708,-0.20412414523193181,-0.16012815380508702,-0.16012815380508702,-0.1758631145281652,-0.17586311452816475,-0.1601281538050872,-0.16012815380508685,-0.16012815380508683,-0.20412414523193173,-0.16012815380508724,-0.1758631145281647,-0.16012815380508721,-0.160128153805087,-0.17586311452816497,-0.16012815380508708,-0.19044534662683044,-0.20412414523193181
-0.10050378152592128,0.3604767715468771,-0.142857142857143,-0.10050378152592127,-0.4486148472545044,0.37973736875802994,2.478478796128208,-0.17586311452816505,-0.4364357804719841,1.7554579610635006,-0.28474739872574933,-0.20412414523193181,-0.16012815380508708,-0.1758631145281647,-0.20412414523193181,-0.2526455763199555,-0.252645576319956,-0.2170723815877266,-0.25264557631995604,-0.34251778896020846,-0.17586311452816505,-0.17586311452816483,-0.2170723815877267,-0.17586311452816497,-0.160128153805087,-0.25264557631995566,-0.2294157338705616,-0.16012815380508708,-0.20412414523193181,-0.16012815380508702,-0.16012815380508702,-0.1758631145281652,-0.17586311452816475,-0.1601281538050872,-0.16012815380508685,-0.16012815380508683,4.898979485566361,-0.16012815380508724,-0.1758631145281647,-0.16012815380508721,-0.160128153805087,-0.17586311452816497,-0.16012815380508708,-0.19044534662683044,-0.20412414523193181
-0.10050378152592128,0.3604767715468771,-0.142857142857143,-0.10050378152592127,-0.4816831755254441,0.17419616780645747,2.478478796128208,-0.17586311452816505,-0.4364357804719841,-0.5696519211398114,-0.28474739872574933,-0.20412414523193181,-0.16012815380508708,-0.1758631145281647,-0.20412414523193181,-0.2526455763199555,-0.252645576319956,-0.2170723815877266,-0.25264557631995604,-0.34251778896020846,-0.17586311452816505,-0.17586311452816483,-0.2170723815877267,-0.17586311452816497,-0.160128153805087,-0.25264557631995566,-0.2294157338705616,-0.16012815380508708,-0.20412414523193181,-0.16012815380508702,-0.16012815380508702,-0.1758631145281652,-0.17586311452816475,6.2449979983984,-0.16012815380508685,-0.16012815380508683,-0.20412414523193173,-0.16012815380508724,-0.1758631145281647,-0.16012815380508721,-0.160128153805087,5.686240703077335,-0.16012815380508708,-0.19044534662683044,-0.20412414523193181
-0.10050378152592128,0.3604767715468771,-0.142857142857143,-0.10050378152592127,1.8301862943415759,-1.1960785052040257,-0.4034732923929642,-0.17586311452816505,-0.4364357804719841,-0.5696519211398114,-0.28474739872574933,-0.20412414523193181,-0.16012815380508708,-0.1758631145281647,4.898979485566364,-0.2526455763199555,-0.252645576319956,-0.2170723815877266,-0.25264557631995604,-0.34251778896020846,-0.17586311452816505,-0.17586311452816483,-0.2170723815877267,-0.17586311452816497,-0.160128153805087,-0.25264557631995566,-0.2294157338705616,-0.16012815380508708,-0.20412414523193181,-0.16012815380508702,-0.16012815380508702,-0.1758631145281652,-0.17586311452816475,-0.1601281538050872,-0.16012815380508685,-0.16012815380508683,-0.20412414523193173,-0.16012815380508724,-0.1758631145281647,-0.16012815380508721,-0.160128153805087,-0.17586311452816497,-0.16012815380508708,-0.19044534662683044,-0.20412414523193181
-0.10050378152592128,0.3604767715468771,-0.142857142857143,-0.10050378152592127,-0.1542921580976469,0.20845303463171955,-0.4034732923929642,-0.17586311452816505,-0.4364357804719841,-0.5696519211398114,-0.28474739872574933,-0.20412414523193181,-0.16012815380508708,-0.1758631145281647,-0.20412414523193181,-0.2526455763199555,-0.252645576319956,-0.2170723815877266,3.9581140290126444,-0.34251778896020846,-0.17586311452816505,-0.17586311452816483,-0.2170723815877267,-0.17586311452816497,-0.160128153805087,-0.25264557631995566,-0.2294157338705616,-0.16012815380508708,-0.20412414523193181,-0.16012815380508702,-0.16012815380508702,-0.1758631145281652,-0.17586311452816475,-0.1601281538050872,-0.16012815380508685,-0.16012815380508683,4.898979485566361,-0.16012815380508724,-0.1758631145281647,-0.16012815380508721,-0.160128153805087,-0.17586311452816497,-0.16012815380508708,-0.19044534662683044,-0.20412414523193181
-0.10050378152592128,0.3604767715468771,-0.142857142857143,-0.10050378152592127,-0.6834145455236702,-0.6479686359998325,-0.4034732923929642,-0.17586311452816505,-0.4364357804719841,-0.5696519211398114,-0.28474739872574933,-0.20412414523193181,-0.16012815380508708,-0.1758631145281647,-0.20412414523193181,-0.2526455763199555,-0.252645576319956,-0.2170723815877266,-0.25264557631995604,2.919556391613206,-0.17586311452816505,-0.17586311452816483,-0.2170723815877267,-0.17586311452816497,-0.160128153805087,-0.25264557631995566,-0.2294157338705616,-0.16012815380508708,-0.20412414523193181,-0.16012815380508702,-0.16012815380508702,-0.1758631145281652,-0.17586311452816475,-0.1601281538050872,-0.16012815380508685,-0.16012815380508683,-0.20412414523193173,-0.16012815380508724,-0.1758631145281647,-0.16012815380508721,-0.160128153805087,-0.17586311452816497,-0.16012815380508708,-0.19044534662683044,-0.20412414523193181
-0.10050378152592128,0.3604767715468771,-0.142857142857143,-0.10050378152592127,-0.7992848023814035,-0.819252970126143,-0.4034732923929642,-0.17586311452816505,-0.4364357804719841,1.7554579610635006,-0.28474739872574933,-0.20412414523193181,-0.16012815380508708,-0.1758631145281647,-0.20412414523193181,-0.2526455763199555,-0.252645576319956,-0.2170723815877266,-0.25264557631995604,-0.34251778896020846,-0.17586311452816505,-0.17586311452816483,-0.2170723815877267,-0.17586311452816497,6.244997998398392,3.9581140290126386,-0.2294157338705616,-0.16012815380508708,-0.20412414523193181,-0.16012815380508702,-0.16012815380508702,-0.1758631145281652,-0.17586311452816475,-0.1601281538050872,-0.16012815380508685,-0.16012815380508683,-0.20412414523193173,-0.16012815380508724,-0.1758631145281647,-0.16012815380508721,-0.160128153805087,-0.17586311452816497,-0.16012815380508708,-0.19044534662683044,-0.20412414523193181
-0.10050378152592128,0.3604767715468771,-0.142857142857143,-0.10050378152592127,1.7614566147017985,0.9278472379622232,-0.4034732923929642,5.686240703077337,-0.4364357804719841,1.7554579610635006,-0.28474739872574933,-0.20412414523193181,-0.16012815380508708,-0.1758631145281647,-0.20412414523193181,-0.2526455763199555,-0.252645576319956,-0.2170723815877266,-0.25264557631995604,-0.34251778896020846,-0.17586311452816505,-0.17586311452816483,-0.2170723815877267,-0.17586311452816497,-0.160128153805087,-0.25264557631995566,-0.2294157338705616,-0.16012815380508708,-0.20412414523193181,-0.16012815380508702,-0.16012815380508702,-0.1758631145281652,-0.17586311452816475,-0.1601281538050872,-0.16012815380508685,-0.16012815380508683,-0.20412414523193173,-0.16012815380508724,-0.1758631145281647,-0.16012815380508721,-0.160128153805087,-0.17586311452816497,-0.16012815380508708,-0.19044534662683044,-0.20412414523193181
-0.10050378152592128,-2.77410385059988,-0.142857142857143,9.949874371066205,-0.9005292435633556,-1.5043903066313846,-0.4034732923929642,-0.17586311452816505,-0.4364357804719841,-0.5696519211398114,-0.28474739872574933,-0.20412414523193181,-0.16012815380508708,-0.1758631145281647,-0.20412414523193181,-0.2526455763199555,-0.252645576319956,-0.2170723815877266,-0.25264557631995604,-0.34251778896020846,-0.17586311452816505,-0.17586311452816483,-0.2170723815877267,-0.17586311452816497,-0.160128153805087,-0.25264557631995566,-0.2294157338705616,-0.16012815380508708,-0.20412414523193181,-0.16012815380508702,-0.16012815380508702,-0.1758631145281652,5.686240703077327,-0.1601281538050872,-0.16012815380508685,-0.16012815380508683,-0.20412414523193173,-0.16012815380508724,-0.1758631145281647,-0.16012815380508721,-0.160128153805087,-0.17586311452816497,-0.16012815380508708,-0.19044534662683044,-0.20412414523193181
-0.10050378152592128,0.3604767715468771,-0.142857142857143,-0.10050378152592127,-0.804062957303372,0.825076637486437,-0.4034732923929642,-0.17586311452816505,-0.4364357804719841,-0.5696519211398114,-0.28474739872574933,-0.20412414523193181,-0.16012815380508708,-0.1758631145281647,-0.20412414523193181,-0.2526455763199555,-0.252645576319956,-0.2170723815877266,-0.25264557631995604,-0.34251778896020846,-0.17586311452816505,-0.17586311452816483,-0.2170723815877267,-0.17586311452816497,-0.160128153805087,-0.25264557631995566,-0.2294157338705616,-0.16012815380508708,-0.20412414523193181,-0.16012815380508702,-0.16012815380508702,-0.1758631145281652,-0.17586311452816475,-0.1601281538050872,-0.16012815380508685,-0.16012815380508683,-0.20412414523193173,-0.16012815380508724,-0.1758631145281647,-0.16012815380508721,-0.160128153805087,-0.17586311452816497,-0.16012815380508708,-0.19044534662683044,-0.20412414523193181
-0.10050378152592128,0.3604767715468771,-0.142857142857143,-0.10050378152592127,-0.8646056763756299,-0.853509836951405,-0.4034732923929642,-0.17586311452816505,-0.4364357804719841,-0.5696519211398114,-0.28474739872574933,-0.20412414523193181,-0.16012815380508708,-0.1758631145281647,-0.20412414523193181,-0.2526455763199555,-0.252645576319956,-0.2170723815877266,-0.25264557631995604,-0.34251778896020846,-0.17586311452816505,-0.17586311452816483,4.606758320361756,-0.17586311452816497,-0.160128153805087,-0.25264557631995566,-0.2294157338705616,-0.16012815380508708,-0.20412414523193181,-0.16012815380508702,-0.16012815380508702,-0.1758631145281652,-0.17586311452816475,-0.1601281538050872,-0.16012815380508685,-0.16012815380508683,-0.20412414523193173,-0.16012815380508724,-0.1758631145281647,-0.16012815380508721,-0.160128153805087,-0.17586311452816497,-0.16012815380508708,-0.19044534662683044,-0.20412414523193181
-0.10050378152592128,0.3604767715468771,-0.142857142857143,-0.10050378152592127,-0.42935655211169277,-0.5109411686987841,-0.4034732923929642,-0.17586311452816505,-0.4364357804719841,1.7554579610635006,-0.28474739872574933,-0.20412414523193181,-0.16012815380508708,-0.1758631145281647,-0.20412414523193181,-0.2526455763199555,-0.252645576319956,-0.2170723815877266,-0.25264557631995604,-0.34251778896020846,-0.17586311452816505,-0.17586311452816483,-0.2170723815877267,-0.17586311452816497,-0.160128153805087,-0.25264557631995566,-0.2294157338705616,-0.16012815380508708,-0.20412414523193181,-0.16012815380508702,-0.16012815380508702,-0.1758631145281652,-0.17586311452816475,-0.1601281538050872,-0.16012815380508685,-0.16012815380508683,-0.20412414523193173,-0.16012815380508724,-0.1758631145281647,-0.16012815380508721,-0.160128153805087,-0.17586311452816497,6.244997998398396,5.25085027128261,-0.20412414523193181
